{"ts": "2025-10-28T08:47:11Z", "total_staked": 850.0, "total_earned": 122.39320000000069, "fees_total": 3.40628}